"opportunity_number","nofo_type","opportunity_title","summary.post_date","summary.close_date","opportunity_status","all_concepts","run_date"
"<a href = ""https://simpler.grants.gov/opportunity/3bcda474-f002-4d74-8b8c-9b179df30300"" target = ""_blank"">RFA-AI-28-007</a>","RFA","Childhood Asthma in Urban Settings Clinical Research Network",2026-06-24,NA,"Forecasted","Pediatrics; Pharmacology & Therapeutics","2026-07-06"
"<a href = ""https://simpler.grants.gov/opportunity/0709b96e-7fdb-4789-a1d7-71df1395a804"" target = ""_blank"">RFA-AI-28-008</a>","RFA","Clinical Trials in Organ Transplantation in Children and Adults",2026-06-24,NA,"Forecasted","Pediatrics","2026-07-06"
"<a href = ""https://simpler.grants.gov/opportunity/dd8d7a29-5191-4919-95ce-f7ac57922cff"" target = ""_blank"">PAR-27-071</a>","PAR","Discovery of the Genetic Basis of Childhood Cancers and of Congenital Anomalies: Gabriella Miller Kids First Pediatric Research Program (X01 Clinical Trial Not Allowed)",2026-06-18,2027-01-11,"Posted","Developmental Biology; Pediatrics","2026-07-06"
"<a href = ""https://simpler.grants.gov/opportunity/63297aa2-31d7-48db-bf60-0be097b1e40f"" target = ""_blank"">PAR-27-109</a>","PAR","Exploratory Clinical Trial Grants in Arthritis and Musculoskeletal and Skin Diseases",2026-06-10,NA,"Forecasted","Rehabilitation; Pharmacology & Therapeutics","2026-07-06"
"<a href = ""https://simpler.grants.gov/opportunity/588a169a-478d-4554-bbd6-d8e3416000d2"" target = ""_blank"">RFA-DK-27-121</a>","RFA","Optimal Treatment Strategies for use of Anti-Obesity Medications (AOMs) in Children and Adolescents Clinical Centers (U01 Clinical Trial Required)",2026-06-08,2026-10-09,"Posted","Pediatrics; Pharmacology & Therapeutics","2026-07-06"
"<a href = ""https://simpler.grants.gov/opportunity/86e848c2-6ff6-4b35-a18b-bc2d031f81c1"" target = ""_blank"">RFA-DK-27-136</a>","RFA","Optimal Treatment Strategies for use of Anti-Obesity Medications (AOMs) in Children and Adolescents Research Coordinating Center (U24 Clinical Trial Not Allowed)",2026-06-08,2026-10-09,"Posted","Pediatrics; Pharmacology & Therapeutics","2026-07-06"
"<a href = ""https://simpler.grants.gov/opportunity/1e7f7ee0-15b6-4fac-a5c1-7605cc242e43"" target = ""_blank"">PAR-27-057</a>","PAR","Causal Hypotheses on the Oral-Systemic Health Impacts of Human Behaviors among People with Chronic Conditions (U01 Clinical Trial Not Allowed)",2026-06-04,2029-07-05,"Posted","Developmental Biology","2026-07-06"
"<a href = ""https://simpler.grants.gov/opportunity/53e7b1bb-02a7-4133-b50b-74bce8c324ff"" target = ""_blank"">RFA-CA-27-012</a>","RFA","Metastasis Research Network (U54 Clinical Trial Not Allowed)",2026-06-04,2026-09-25,"Posted","Pediatrics","2026-07-06"
"<a href = ""https://simpler.grants.gov/opportunity/acffb1c8-72a8-4b71-b471-6a06ca698ab2"" target = ""_blank"">RFA-DK-27-301</a>","RFA","Kidney Precision Medicine Project Recruitment Sites (U01 Clinical Trial Not Allowed)",2026-06-03,2026-07-10,"Posted","Pediatrics","2026-07-06"
"<a href = ""https://simpler.grants.gov/opportunity/26116df5-40e6-4c83-8e5a-d90664b418ba"" target = ""_blank"">RFA-MH-27-140</a>","RFA","Optimizing Behavioral Sleep Interventions for Adolescents and Young Adults (R34 Clinical Trial Required)",2026-05-28,2026-10-22,"Posted","Pediatrics","2026-07-06"
"<a href = ""https://simpler.grants.gov/opportunity/25e7d7f0-6668-445d-9655-897ef3b56d9a"" target = ""_blank"">RFA-OD-27-006</a>","RFA","Maximizing the Scientific Value of Data Generated by the Environmental influences on Child Health Outcomes (ECHO) Program: Dissertation Grant (R36 - Clinical Trial Not Allowed)",2026-05-28,2026-10-15,"Posted","Pregnancy & Lactation; Pediatrics","2026-07-06"
"<a href = ""https://simpler.grants.gov/opportunity/eb924fc8-e988-4b1e-be61-18d84a72a73d"" target = ""_blank"">RFA-OD-27-008</a>","RFA","Maximizing the Scientific Value of Data Generated by the Environmental Influences on Child Health Outcomes (ECHO) Program: Ruth L. Kirschstein National Research Service Award (NRSA) Individual Postdoctoral Fellowship (F32)",2026-05-28,2026-12-02,"Posted","Pregnancy & Lactation; Pediatrics","2026-07-06"
"<a href = ""https://simpler.grants.gov/opportunity/f0e22efe-3e83-434a-b418-94eecc8718d7"" target = ""_blank"">RFA-NS-27-006</a>","RFA","NINDS Child Neurology Career Development Program (CNCDP) (K12 - Clinical Trial Not Allowed)",2026-05-27,2026-07-10,"Posted","Pediatrics","2026-07-06"
"<a href = ""https://simpler.grants.gov/opportunity/f2fb62da-c1e8-405b-b76a-d4908c51f2c3"" target = ""_blank"">RFA-CA-27-006</a>","RFA","NCI Community Oncology Research Program (NCORP) Research Bases (UG1 Clinical Trial Required)",2026-05-21,2026-09-18,"Posted","Pediatrics; Pharmacology & Therapeutics","2026-07-06"
"<a href = ""https://simpler.grants.gov/opportunity/2c746e95-e5dd-4bb4-af3e-ced726720d88"" target = ""_blank"">RFA-CA-27-007</a>","RFA","NCI Community Oncology Research Program (NCORP) Community Sites (UG1 Clinical Trial Not Allowed)",2026-05-21,2026-09-18,"Posted","Pediatrics","2026-07-06"
"<a href = ""https://simpler.grants.gov/opportunity/e749b186-9043-4eb2-9288-4833ede537f7"" target = ""_blank"">RFA-CA-27-008</a>","RFA","NCI Community Oncology Research Program (NCORP) Academic Community Sites (UG1 Clinical Trials Not Allowed)",2026-05-21,2026-09-18,"Posted","Pediatrics","2026-07-06"
"<a href = ""https://simpler.grants.gov/opportunity/dd11fec8-7502-4ea4-b1c4-d2cfd69cd517"" target = ""_blank"">RFA-DC-28-007</a>","RFA","Advancing Screening, Diagnosis, and Referral for Late Talking Children",2026-05-12,NA,"Forecasted","Pediatrics","2026-07-06"
"<a href = ""https://simpler.grants.gov/opportunity/9560959b-f3b5-4d8e-9306-8d87996ed72a"" target = ""_blank"">RFA-DA-27-012</a>","RFA","NIH Blueprint Initiative: Tools for Germline Gene Editing in the Nervous System",2026-05-07,NA,"Forecasted","Pediatrics","2026-07-06"
"<a href = ""https://simpler.grants.gov/opportunity/46e104c3-575e-450a-b2bb-d2782aa961c4"" target = ""_blank"">RFA-DE-27-002</a>","RFA","Accelerating Product Excellence in Innovation and for Clinical Adoption (APEx) (U24 Clinical Trial Not Allowed)",2026-05-04,2026-07-10,"Posted","Developmental Biology; Pharmacology & Therapeutics","2026-07-06"
"<a href = ""https://simpler.grants.gov/opportunity/c28e0695-f517-40da-8653-0cb40f65bc59"" target = ""_blank"">RFA-AI-28-001</a>","RFA","HIV/AIDS Clinical Trials Network Leadership and Operations Centers",2026-04-08,NA,"Forecasted","Pregnancy & Lactation; Pediatrics; Pharmacology & Therapeutics","2026-07-06"
"<a href = ""https://simpler.grants.gov/opportunity/ca4b0eed-ef31-4a8c-961f-65955cce9cfc"" target = ""_blank"">RFA-CA-26-011</a>","RFA","Single source: Childhood Cancer Survivor Study (U24 Clinical Trial Not Allowed)",2026-03-18,NA,"Forecasted","Pediatrics","2026-07-06"
"<a href = ""https://simpler.grants.gov/opportunity/3021f11a-dd6c-4d15-9406-c2d7594a2e79"" target = ""_blank"">PAR-27-008</a>","PAR","Advanced Laboratories for Accelerating the Reach and Impact of Treatments for Youth and Adults with Mental Illness (ALACRITY) Research Centers",2026-03-16,NA,"Forecasted","Pediatrics; Pharmacology & Therapeutics","2026-07-06"
"<a href = ""https://simpler.grants.gov/opportunity/e9757eee-7beb-4f2d-ab72-fe511b6c513c"" target = ""_blank"">PAR-26-150</a>","PAR","Early-Onset Cancers: Investigating Etiology, Mechanisms, and Early Detection Strategies (RP1 Clinical Trials Optional)",2026-03-10,NA,"Forecasted","Pediatrics","2026-07-06"
"<a href = ""https://simpler.grants.gov/opportunity/b3050431-1e08-4019-93ff-ee83b69abe98"" target = ""_blank"">PAR-26-119</a>","PAR","NEI Collaborative Clinical Vision Research (UG1 - Clinical Trial Optional)",2026-03-03,NA,"Forecasted","Rehabilitation","2026-07-06"
"<a href = ""https://simpler.grants.gov/opportunity/703509fe-0d61-4f19-9a44-59d02da62ba4"" target = ""_blank"">PAR-26-124</a>","PAR","HEAL Initiative Whole Joint Health Program",2026-02-17,NA,"Forecasted","Rehabilitation; Pharmacology & Therapeutics","2026-07-06"
"<a href = ""https://simpler.grants.gov/opportunity/3820f2c5-4b44-47ad-8a29-9f6084d60bb2"" target = ""_blank"">PAR-26-092</a>","PAR","Pilot and Feasibility Studies in Preparation for Substance Use and HIV Prevention Intervention and Services Research Trials",2026-01-26,NA,"Forecasted","Pediatrics; Pharmacology & Therapeutics","2026-07-06"
"<a href = ""https://simpler.grants.gov/opportunity/74cd709c-c350-4c08-a6b5-4045632749d6"" target = ""_blank"">RFA-CA-25-035</a>","RFA","Limited Competition: Biospecimen Banks to support NCI National Clinical Trials Network Biospecimen Banks (NCTN Biobanks) and the NCI Early-Phase and Experimental Clinical Trials Biospecimen Bank (EET Biobank) (U24 Clinical Trial Not Allowed)",2026-01-13,NA,"Forecasted","Pediatrics; Pharmacology & Therapeutics","2026-07-06"
"<a href = ""https://simpler.grants.gov/opportunity/63dddfa9-c9f7-4da4-b0f8-ee56e73457c6"" target = ""_blank"">PAR-26-115</a>","PAR","Institutional Network Award for Promoting Kidney, Urologic, and Hematologic Research Training (U2C - Clinical Trial Not Allowed)",2025-12-10,2028-05-26,"Posted","Pediatrics","2026-07-06"
"<a href = ""https://simpler.grants.gov/opportunity/4ed18a56-4304-49a2-b9b4-87b4d78eb4f1"" target = ""_blank"">RFA-DK-26-310</a>","RFA","Diabetes Research Centers (P30 Clinical Trial Optional)",2025-12-05,2027-01-27,"Posted","Reproductive Health","2026-07-06"
"<a href = ""https://simpler.grants.gov/opportunity/7088f3f8-0aad-4f2e-afa1-f53b59efa54d"" target = ""_blank"">RFA-ES-26-004</a>","RFA","Pediatric and Reproductive Environmental Health Scholars (PREHS) Program",2025-12-02,NA,"Forecasted","Reproductive Health; Pediatrics","2026-07-06"
"<a href = ""https://simpler.grants.gov/opportunity/112a0e4f-edb3-44dd-9443-892840371b24"" target = ""_blank"">RFA-DK-27-117</a>","RFA","The NIDDK Disorders of Gastrointestinal Interoception Consortium Clinical Centers (DGIC)",2025-09-18,NA,"Forecasted","Pediatrics; Pharmacology & Therapeutics","2026-07-06"
"<a href = ""https://simpler.grants.gov/opportunity/cf0d0679-8e43-4034-833b-0aa6cca9a1de"" target = ""_blank"">RFA-DK-27-118</a>","RFA","The NIDDK Disorders of Gastrointestinal Interoception Consortium Clinical Centers (DGIC)",2025-09-18,NA,"Forecasted","Pediatrics; Pharmacology & Therapeutics","2026-07-06"
"<a href = ""https://simpler.grants.gov/opportunity/95d8c541-2ee0-40cc-960c-61b524d2babd"" target = ""_blank"">PAR-26-043</a>","PAR","Silvio O. Conte Centers for Basic Neuroscience or Translational Mental Health Research",2025-09-12,NA,"Forecasted","Pediatrics","2026-07-06"
"<a href = ""https://simpler.grants.gov/opportunity/96ebf1ff-7ddc-429d-b059-15cc5f577eec"" target = ""_blank"">PAR-26-049</a>","PAR","Establishing Pediatric CNS Pharmacodynamic Measures as Tools to Enable Psychiatric Indications in Adolescents",2025-09-12,NA,"Forecasted","Pediatrics; Pharmacology & Therapeutics","2026-07-06"
"<a href = ""https://simpler.grants.gov/opportunity/fc68f56a-b886-4021-bc6a-504a277f2ffb"" target = ""_blank"">PAR-26-051</a>","PAR","NIH Brain Development Cohorts (NBDC) and Population Assessment of Tobacco and Health (PATH) Study Biospecimen Access",2025-09-10,NA,"Forecasted","Pediatrics; Pharmacology & Therapeutics","2026-07-06"
"<a href = ""https://simpler.grants.gov/opportunity/6044773a-6221-44e4-81e9-e61c47d4119a"" target = ""_blank"">PAR-26-064</a>","PAR","Specialized Programs of Research Excellence (SPOREs) in Human Cancers for Years 2027, 2028, and 2029 (P50 Clinical Trial Required)",2025-09-09,NA,"Forecasted","Reproductive Health; Pediatrics","2026-07-06"
"<a href = ""https://simpler.grants.gov/opportunity/d92a6645-61df-4765-8caa-4db9aa678c6e"" target = ""_blank"">RFA-AG-26-011</a>","RFA","NIA Expanding Research in AD/ADRD (ERA) Summer Research Education Program (R25 Independent Clinical Trial Not Allowed)",2025-09-02,2027-05-26,"Posted","Pediatrics","2026-07-06"
"<a href = ""https://simpler.grants.gov/opportunity/d87d3264-4bd8-470d-9b31-29bebd33c707"" target = ""_blank"">PAR-26-069</a>","PAR","NINDS Efficacy and Exploratory Clinical Trials (UG3/UH3 - Clinical Trial Required)",2025-08-28,NA,"Forecasted","Rehabilitation; Pharmacology & Therapeutics","2026-07-06"
"<a href = ""https://simpler.grants.gov/opportunity/98857886-def1-4563-8bf7-f7fa8787e5c5"" target = ""_blank"">RFA-NS-25-031</a>","RFA","HEAL Initiative: Pain Management Effectiveness Research Network: Clinical Trial Planning and Implementation Cooperative Agreement (UG3/UH3 Clinical Trial Required)",2025-08-28,NA,"Forecasted","Pediatrics; Pharmacology & Therapeutics","2026-07-06"
"<a href = ""https://simpler.grants.gov/opportunity/e905063d-e7c8-4dbf-aa9f-a16c879e084f"" target = ""_blank"">RFA-NS-26-007</a>","RFA","BRAIN Initiative: Research Opportunities Using Invasive Neural Recording and Stimulating Technologies in the Human Brain (U01 Basic Experimental Studies with Humans Required)",2025-08-28,NA,"Forecasted","Pediatrics; Pharmacology & Therapeutics","2026-07-06"
"<a href = ""https://simpler.grants.gov/opportunity/ffe98704-96a8-4f41-a32b-49edd0409006"" target = ""_blank"">RFA-NS-26-011</a>","RFA","BRAIN Initiative: Integrative Team-Research BRAIN Circuits Program - iTeamBCP (RM1 Clinical Trial Optional)",2025-08-28,NA,"Forecasted","Pediatrics; Pharmacology & Therapeutics","2026-07-06"
"<a href = ""https://simpler.grants.gov/opportunity/91048663-1b10-45b7-9d7a-c76709a880f1"" target = ""_blank"">FOR-TEMP-25653</a>","UNK","Biomarkers of Cognitive Decline and Dementias of Aging in Individuals within the Autism Spectrum",2025-06-27,NA,"Forecasted","Pediatrics","2026-07-06"
"<a href = ""https://simpler.grants.gov/opportunity/2cefef55-df48-49f9-a95a-7719dae29481"" target = ""_blank"">FOR-TR-27-002</a>","UNK","Extracellular Vesicle Therapeutics for Regenerative Medicine (ExTReMe)",2025-06-27,NA,"Forecasted","Developmental Biology; Pharmacology & Therapeutics","2026-07-06"
"<a href = ""https://simpler.grants.gov/opportunity/1068d706-36d8-4f1d-ac25-c3233f27669a"" target = ""_blank"">FOR-TR-27-003</a>","UNK","Selective Precision Targeting (SPoT)",2025-06-27,NA,"Forecasted","Pregnancy & Lactation; Pharmacology & Therapeutics","2026-07-06"
"<a href = ""https://simpler.grants.gov/opportunity/646e27d6-2e72-4093-8fdc-700e57d0cbc6"" target = ""_blank"">PAR-25-437</a>","PAR","Environmental influences on Child Health Outcomes (ECHO) Cohort Data and Biospecimen Access (X01 Clinical Trial Not Allowed)",2025-06-18,2028-03-01,"Posted","Pregnancy & Lactation; Pediatrics","2026-07-06"
"<a href = ""https://simpler.grants.gov/opportunity/748bc51b-4220-4298-ad1d-8071fb390b66"" target = ""_blank"">FOR-AI-27-001</a>","UNK","Martin Delaney Collaboratories for HIV Cure Research",2025-06-10,NA,"Forecasted","Pediatrics; Pharmacology & Therapeutics","2026-07-06"
"<a href = ""https://simpler.grants.gov/opportunity/f3cb924d-cdec-4df6-b814-fe02e359a6bb"" target = ""_blank"">FOR-NR-25-001</a>","UNK","Advancing Nutrition-related Research Across the Lifespan",2025-05-28,NA,"Forecasted","Pregnancy & Lactation; Pediatrics","2026-07-06"
"<a href = ""https://simpler.grants.gov/opportunity/0c5675b4-593c-43e4-acf1-be95b0ce56c6"" target = ""_blank"">FOR-NR-25-002</a>","UNK","Leveraging Nursing Research to Advance Healthy School Environments for All",2025-05-28,NA,"Forecasted","Pediatrics","2026-07-06"
"<a href = ""https://simpler.grants.gov/opportunity/4abe9c3d-1440-49c8-8e79-afc7650a4c56"" target = ""_blank"">NOT-AI-25-032</a>","UNK","Limited Competition: International epidemiology Databases to Evaluate AIDS (IeDEA) (U01 Clinical Trial Not Allowed)",2025-05-27,NA,"Forecasted","Pediatrics","2026-07-06"
"<a href = ""https://simpler.grants.gov/opportunity/4df75ddd-298f-4d70-9808-1fea9dfed914"" target = ""_blank"">NOT-AA-25-006</a>","UNK","Forecast to Publish a Funding Opportunity Announcement for the Consortium on the Neurobiology of Adolescent Drinking in Adulthood (NADIA) Administrative Resource (Collaborative U24 - Clinical Trials not allowed)",2025-05-22,NA,"Forecasted","Pediatrics","2026-07-06"
"<a href = ""https://simpler.grants.gov/opportunity/94fb1ce5-b19a-4f48-9b88-d0ea1fdace24"" target = ""_blank"">NOT-AA-25-007</a>","UNK","Forecast to Publish a Funding Opportunity Announcement for the Consortium on the Neurobiology of Adolescent Drinking in Adulthood (NADIA) Research Resource (Collaborative U24 - Clinical Trials not allowed)",2025-05-22,NA,"Forecasted","Pediatrics","2026-07-06"
"<a href = ""https://simpler.grants.gov/opportunity/be45d1d0-0dd3-4e97-b104-00fe89bd65ce"" target = ""_blank"">NOT-AA-25-013</a>","UNK","Limited Competition for the Continuation of the National Consortium on Alcohol and Neurodevelopment in Adolescence (NCANDA) Administrative Resource (U24 Clinical Trials Optional)",2025-05-22,NA,"Forecasted","Pediatrics","2026-07-06"
"<a href = ""https://simpler.grants.gov/opportunity/628e387b-3119-4b47-9e49-f39c70ae187b"" target = ""_blank"">NOT-AA-25-014</a>","UNK","Limited Competition for the Continuation of the National Consortium on Alcohol and Neurodevelopment in Adolescence (NCANDA) Data Analysis Resource (U24 Clinical Trials Optional)",2025-05-22,NA,"Forecasted","Pediatrics","2026-07-06"
"<a href = ""https://simpler.grants.gov/opportunity/44151ce8-0fad-4f18-84a2-c8748178958e"" target = ""_blank"">NOT-RM-25-034</a>","UNK","Genome Sequencing Center for the Gabriella Miller Kids First Pediatric Research Program (U24 Clinical Trial Not Allowed)",2025-05-14,NA,"Forecasted","Developmental Biology; Pediatrics; Pharmacology & Therapeutics","2026-07-06"
"<a href = ""https://simpler.grants.gov/opportunity/fb2c5352-295a-466a-9b53-e6a1428efcda"" target = ""_blank"">NOT-RM-25-035</a>","UNK","Continued Development of the Gabriella Miller Kids First Pediatric Data Resource Center (U2C Clinical Trials Not Allowed)",2025-05-14,NA,"Forecasted","Developmental Biology; Pediatrics","2026-07-06"
"<a href = ""https://simpler.grants.gov/opportunity/55758ad7-4d40-42e0-b87e-ad97273cc2ab"" target = ""_blank"">NOT-RM-25-036</a>","UNK","Gabriella Miller Kids First Training and Outreach Core (U24 Clinical Trials Not Allowed)",2025-05-14,NA,"Forecasted","Developmental Biology; Pediatrics","2026-07-06"
"<a href = ""https://simpler.grants.gov/opportunity/49a6de08-2356-43b3-af61-6116b229acd8"" target = ""_blank"">NOT-AA-25-012</a>","UNK","Forecast to Publish a Funding Opportunity Announcement for Limited Competition for the Continuation of the National Consortium on Alcohol and Neurodevelopment in Adolescence (NCANDA) Research Project Sites (U01 Clinical Trials Optional)",2025-05-13,NA,"Forecasted","Pediatrics","2026-07-06"
"<a href = ""https://simpler.grants.gov/opportunity/bbf0a18c-1e2f-45ef-acd6-980df3828974"" target = ""_blank"">FOR-MD-25-002</a>","UNK","Forecast to Renew the Notice of Funding Opportunity Announcement for the Multiple Chronic Disease Research Centers",2025-05-12,NA,"Forecasted","Pediatrics","2026-07-06"
"<a href = ""https://simpler.grants.gov/opportunity/34dd63c9-1540-4fb4-8e51-27adafcd5428"" target = ""_blank"">PAR-25-325</a>","PAR","Integrating Biospecimen Science Approaches into Clinical Assay Development (U01 Clinical Trial Not Allowed)",2024-12-13,2027-09-10,"Posted","Pregnancy & Lactation","2026-07-06"
"<a href = ""https://simpler.grants.gov/opportunity/4dc45e27-8d07-4a99-8eb7-4881330a4355"" target = ""_blank"">PAR-25-025</a>","PAR","NHLBI Early Phase Clinical Trials for Therapeutics and/or Diagnostics for HLBS Disorders (R33 CT Required)",2024-12-05,2027-01-07,"Posted","Pediatrics; Pharmacology & Therapeutics","2026-07-06"
"<a href = ""https://simpler.grants.gov/opportunity/ea08dd4a-1438-4a0b-a57b-8a393187a141"" target = ""_blank"">PAR-25-026</a>","PAR","NHLBI Early Phase Clinical Trials for Therapeutics and/or Diagnostics for HLBS Disorders (R61/R33 Clinical Trial Required)",2024-12-05,2027-01-07,"Posted","Pediatrics; Pharmacology & Therapeutics","2026-07-06"
"<a href = ""https://simpler.grants.gov/opportunity/b8957faa-5824-4b59-b18f-3b4a69501121"" target = ""_blank"">PAR-25-310</a>","PAR","Accelerating Solutions to Improve Access and Quality of Empirically-Supported Practices for Youth Mental Health (R01 Clinical Trial Optional)",2024-12-03,2027-01-07,"Posted","Pediatrics","2026-07-06"
"<a href = ""https://simpler.grants.gov/opportunity/f570f767-ac1d-4ce4-975a-c32403e028e1"" target = ""_blank"">PAR-25-179</a>","PAR","Confirmatory Efficacy Clinical Trials of Non-Pharmacological and Pharmacological Interventions for Mental Disorders (R01 Clinical Trial Required)",2024-11-26,2027-10-15,"Posted","Pediatrics; Pharmacology & Therapeutics","2026-07-06"
"<a href = ""https://simpler.grants.gov/opportunity/94973af9-6bcf-42f1-b5e6-cc2288b9b4de"" target = ""_blank"">PAR-25-180</a>","PAR","First in Human and Early Stage Clinical Trials of Novel Investigational Drugs or Neuromodulatory Device-based Interventions for Psychiatric Disorders (U01 Clinical Trial Required)",2024-11-26,2027-10-15,"Posted","Pediatrics; Pharmacology & Therapeutics","2026-07-06"
"<a href = ""https://simpler.grants.gov/opportunity/c60789ce-21db-4ba1-9cb1-ef7f670c1957"" target = ""_blank"">PAR-25-285</a>","PAR","Effectiveness Trials to Test Mental Health System Interventions (R61/R33 Clinical Trial Required)",2024-11-26,2027-10-15,"Posted","Pediatrics","2026-07-06"
"<a href = ""https://simpler.grants.gov/opportunity/637a8204-317d-41ff-9424-7790e8f205e5"" target = ""_blank"">PAR-25-158</a>","PAR","Prevention and Intervention Approaches for Fetal Alcohol Spectrum Disorders (R61/R33 Clinical Trial Optional)",2024-11-25,2026-11-17,"Posted","Pregnancy & Lactation","2026-07-06"
"<a href = ""https://simpler.grants.gov/opportunity/a7d210c3-a31d-4c04-a39e-6b5206dc858f"" target = ""_blank"">PAR-25-159</a>","PAR","Prevention and Intervention Approaches for Fetal Alcohol Spectrum Disorders (R34 Clinical Trial Optional)",2024-11-25,2027-01-07,"Posted","Pregnancy & Lactation","2026-07-06"
"<a href = ""https://simpler.grants.gov/opportunity/2535c6aa-2e20-495b-9a25-5deabefc9f21"" target = ""_blank"">PAR-25-281</a>","PAR","Mood and Psychosis Symptoms during the Menopause Transition (R01 Clinical Trial Optional)",2024-11-22,2028-01-07,"Posted","Reproductive Health","2026-07-06"
"<a href = ""https://simpler.grants.gov/opportunity/9e356693-4109-428d-82ca-d7d5577a06dc"" target = ""_blank"">PAR-25-282</a>","PAR","Mood and Psychosis Symptoms during the Menopause Transition (R21 Clinical Trial Optional)",2024-11-22,2028-01-07,"Posted","Reproductive Health","2026-07-06"
"<a href = ""https://simpler.grants.gov/opportunity/2ce00c65-6a64-4598-8adf-11920c911975"" target = ""_blank"">PAR-25-248</a>","PAR","Utilizing the PLCO Biospecimens Resource to Bridge Gaps in Cancer Etiology and Early Detection Research (U01 Clinical Trial Not Allowed)",2024-11-21,2027-10-08,"Posted","Reproductive Health","2026-07-06"
"<a href = ""https://simpler.grants.gov/opportunity/e1dcb919-4710-49c3-9263-4849a1e8a507"" target = ""_blank"">PAR-25-207</a>","PAR","Effectiveness Trials for Post-Acute Interventions and Services to Optimize Longer-term Outcomes (R01 Clinical Trial Required)",2024-10-31,2028-01-07,"Posted","Pediatrics; Pharmacology & Therapeutics","2026-07-06"
"<a href = ""https://simpler.grants.gov/opportunity/0a58aeb3-6d3d-43ed-b3c9-6140500c2c06"" target = ""_blank"">PAR-24-269</a>","PAR","NIDA Animal Genomics Program (U01  Clinical Trial Not Allowed)",2024-08-13,2027-02-11,"Posted","Pregnancy & Lactation; Pharmacology & Therapeutics","2026-07-06"
"<a href = ""https://simpler.grants.gov/opportunity/30ea9a22-7365-4503-8052-498cc211d382"" target = ""_blank"">RFA-CA-24-026</a>","RFA","National Cancer Institute Youth Enjoy Science Research Education Program (R25 Clinical Trial Not Allowed)",2024-07-09,2026-09-28,"Posted","Pediatrics","2026-07-06"
"<a href = ""https://simpler.grants.gov/opportunity/45fe2547-7a23-494a-bc97-54870123f3f0"" target = ""_blank"">PAR-24-204</a>","PAR","Summer Research Education Experience Program (R25 Clinical Trial Not Allowed)",2024-06-14,2027-05-07,"Posted","Pediatrics","2026-07-06"
"<a href = ""https://simpler.grants.gov/opportunity/40dbcca5-d2a3-4934-9140-1135236dde8e"" target = ""_blank"">PAR-23-284</a>","PAR","Specialized Programs of Research Excellence (SPOREs) in Human Cancers for Years 2024, 2025, and 2026 (P50 Clinical Trial Required)",2023-09-22,2026-09-25,"Posted","Reproductive Health; Pediatrics","2026-07-06"
